{"accuracy": [0.7876219749450684, 0.7958623170852661, 0.7966805100440979, 0.801531195640564, 0.8044532537460327, 0.8108819127082825, 0.8171936273574829], "auc": [0.9655798077583313, 0.9684572219848633, 0.9697887301445007, 0.9717830419540405, 0.9723044633865356, 0.9750547409057617, 0.9762780070304871], "loss": [0.1822577863931656, 0.17440006136894226, 0.17000964283943176, 0.16421976685523987, 0.1616823375225067, 0.15266413986682892, 0.1490768939256668], "val_accuracy": [0.6846011281013489, 0.6920222640037537, 0.6873840689659119, 0.6841372847557068, 0.6832096576690674, 0.6846011281013489, 0.6799628734588623], "val_auc": [0.9176758527755737, 0.9135491251945496, 0.9165776371955872, 0.9132264852523804, 0.9105914831161499, 0.9089338183403015, 0.9099103808403015], "val_loss": [0.3110867440700531, 0.32264888286590576, 0.3223262429237366, 0.3332602083683014, 0.34921249747276306, 0.36104056239128113, 0.34864407777786255], "val_roc_auc": [0.9183372025141494, 0.914487213253637, 0.9175781469313877, 0.9150879310882456, 0.9125934325746445, 0.9115984088796685, 0.9112668840232712], "val_accuracy_score": [0.8808905380333952, 0.8794063079777364, 0.8751391465677181, 0.8770871985157699, 0.8742115027829314, 0.8783858998144712, 0.8759740259740261]}